-- phpMyAdmin SQL Dump
-- version 5.0.1
-- https://www.phpmyadmin.net/
--
-- Host: 127.0.0.1
-- Tempo de geração: 28-Maio-2020 às 00:55
-- Versão do servidor: 10.4.11-MariaDB
-- versão do PHP: 7.4.2

SET SQL_MODE = "NO_AUTO_VALUE_ON_ZERO";
SET AUTOCOMMIT = 0;
START TRANSACTION;
SET time_zone = "+00:00";


/*!40101 SET @OLD_CHARACTER_SET_CLIENT=@@CHARACTER_SET_CLIENT */;
/*!40101 SET @OLD_CHARACTER_SET_RESULTS=@@CHARACTER_SET_RESULTS */;
/*!40101 SET @OLD_COLLATION_CONNECTION=@@COLLATION_CONNECTION */;
/*!40101 SET NAMES utf8mb4 */;

--
-- Banco de dados: `poolmonitor`
--

-- --------------------------------------------------------

--
-- Estrutura da tabela `alarme_config`
--

CREATE TABLE `alarme_config` (
  `id` int(11) NOT NULL,
  `id_user` int(11) NOT NULL,
  `id_pisc` int(11) NOT NULL,
  `clorMax` float(5,2) NOT NULL,
  `clorMin` float(5,2) NOT NULL,
  `pHMax` float(5,2) NOT NULL,
  `pHMin` float(5,2) NOT NULL,
  `tempMax` float(5,2) NOT NULL,
  `tempMin` float(5,2) NOT NULL
) ENGINE=InnoDB DEFAULT CHARSET=utf8mb4;

-- --------------------------------------------------------

--
-- Estrutura da tabela `data_table`
--

CREATE TABLE `data_table` (
  `id` int(11) NOT NULL,
  `id_pisc` int(11) DEFAULT NULL,
  `timestamp` timestamp NULL DEFAULT current_timestamp(),
  `cloro` float(5,2) NOT NULL,
  `pH` float(5,2) NOT NULL,
  `temp` float(5,2) NOT NULL,
  `alarme` tinyint(1) DEFAULT NULL
) ENGINE=InnoDB DEFAULT CHARSET=utf8mb4;

--
-- Extraindo dados da tabela `data_table`
--

INSERT INTO `data_table` (`id`, `id_pisc`, `timestamp`, `cloro`, `pH`, `temp`, `alarme`) VALUES
(274, NULL, '2020-03-30 21:42:35', 0.00, 0.00, 0.00, NULL),
(275, NULL, '2020-03-30 21:42:41', 0.00, 0.00, 0.00, NULL),
(276, NULL, '2020-03-30 21:42:47', 0.00, 0.00, 0.00, NULL),
(277, NULL, '2020-03-30 21:42:53', 0.00, 0.00, 0.00, NULL),
(278, NULL, '2020-03-30 21:42:59', 0.00, 0.00, 0.00, NULL),
(279, NULL, '2020-03-30 21:43:05', 0.00, 0.00, 0.00, NULL),
(280, NULL, '2020-03-30 21:43:11', 0.00, 0.00, 0.00, NULL),
(281, NULL, '2020-03-30 21:43:17', 0.00, 0.00, 0.00, NULL),
(282, NULL, '2020-03-30 21:43:23', 0.00, 0.00, 0.00, NULL),
(283, NULL, '2020-03-30 21:43:29', 0.00, 0.00, 0.00, NULL),
(284, NULL, '2020-03-30 21:43:35', 0.00, 0.00, 0.00, NULL),
(285, NULL, '2020-03-30 21:43:41', 0.00, 0.00, 0.00, NULL),
(286, NULL, '2020-03-30 21:43:47', 0.00, 0.00, 0.00, NULL),
(287, NULL, '2020-03-30 21:43:53', 0.00, 0.00, 0.00, NULL),
(288, NULL, '2020-03-30 21:43:59', 0.00, 0.00, 0.00, NULL),
(289, NULL, '2020-03-30 21:44:04', 0.00, 0.00, 0.00, NULL),
(290, NULL, '2020-03-30 21:44:09', 0.00, 0.00, 0.00, NULL),
(291, NULL, '2020-03-30 21:44:15', 0.00, 0.00, 0.00, NULL),
(292, NULL, '2020-03-30 21:44:21', 0.00, 0.00, 0.00, NULL),
(293, NULL, '2020-03-30 21:44:27', 0.00, 0.00, 0.00, NULL),
(294, NULL, '2020-03-30 21:44:33', 0.00, 0.00, 0.00, NULL),
(295, NULL, '2020-03-30 21:44:39', 0.00, 0.00, 0.00, NULL),
(296, NULL, '2020-03-30 21:44:45', 0.00, 0.00, 0.00, NULL),
(297, NULL, '2020-03-30 21:44:51', 0.00, 0.00, 0.00, NULL),
(298, NULL, '2020-03-30 21:44:57', 0.00, 0.00, 0.00, NULL),
(299, NULL, '2020-03-30 21:45:03', 0.00, 0.00, 0.00, NULL),
(300, NULL, '2020-03-30 21:45:09', 0.00, 0.00, 0.00, NULL),
(301, NULL, '2020-03-30 21:45:15', 0.00, 0.00, 0.00, NULL),
(302, NULL, '2020-03-30 21:45:21', 0.00, 0.00, 0.00, NULL),
(303, NULL, '2020-03-30 21:45:27', 0.00, 0.00, 0.00, NULL),
(304, NULL, '2020-03-30 21:45:33', 0.00, 0.00, 0.00, NULL),
(305, NULL, '2020-03-30 21:45:39', 0.00, 0.00, 0.00, NULL),
(306, NULL, '2020-03-30 21:45:45', 0.00, 0.00, 0.00, NULL),
(307, NULL, '2020-03-30 21:45:51', 0.00, 0.00, 0.00, NULL),
(308, NULL, '2020-03-30 21:45:57', 0.00, 0.00, 0.00, NULL),
(309, NULL, '2020-03-30 21:46:03', 0.00, 0.00, 0.00, NULL),
(310, NULL, '2020-03-30 21:46:09', 0.00, 0.00, 0.00, NULL),
(311, NULL, '2020-03-30 21:46:15', 0.00, 0.00, 0.00, NULL),
(312, NULL, '2020-03-30 21:46:21', 0.00, 0.00, 0.00, NULL),
(313, NULL, '2020-03-30 21:46:27', 0.00, 0.00, 0.00, NULL),
(314, NULL, '2020-03-30 21:46:33', 0.00, 0.00, 0.00, NULL),
(315, NULL, '2020-03-30 21:46:39', 0.00, 0.00, 0.00, NULL),
(316, NULL, '2020-03-30 21:46:45', 0.00, 0.00, 0.00, NULL),
(317, NULL, '2020-03-30 21:46:51', 0.00, 0.00, 0.00, NULL),
(318, NULL, '2020-03-30 21:46:57', 0.00, 0.00, 0.00, NULL),
(319, NULL, '2020-03-30 21:47:03', 0.00, 0.00, 0.00, NULL),
(320, NULL, '2020-03-30 21:47:09', 0.00, 0.00, 0.00, NULL),
(321, NULL, '2020-03-30 21:47:15', 0.00, 0.00, 0.00, NULL),
(322, NULL, '2020-03-30 21:47:21', 0.00, 0.00, 0.00, NULL),
(323, NULL, '2020-03-30 21:47:27', 0.00, 0.00, 0.00, NULL),
(324, NULL, '2020-03-30 21:47:33', 0.00, 0.00, 0.00, NULL),
(325, NULL, '2020-03-30 21:47:39', 0.00, 0.00, 0.00, NULL),
(326, NULL, '2020-03-30 21:47:45', 0.00, 0.00, 0.00, NULL),
(327, NULL, '2020-03-30 21:47:51', 0.00, 0.00, 0.00, NULL),
(328, NULL, '2020-03-30 21:47:57', 0.00, 0.00, 0.00, NULL),
(329, NULL, '2020-03-30 21:48:03', 0.00, 0.00, 0.00, NULL),
(330, NULL, '2020-03-30 21:48:09', 0.00, 0.00, 0.00, NULL),
(331, NULL, '2020-03-30 21:48:15', 0.00, 0.00, 0.00, NULL),
(332, NULL, '2020-03-30 21:48:21', 0.00, 0.00, 0.00, NULL),
(333, NULL, '2020-03-30 21:48:27', 0.00, 0.00, 0.00, NULL),
(334, NULL, '2020-03-30 21:48:33', 0.00, 0.00, 0.00, NULL),
(335, NULL, '2020-03-30 21:48:39', 0.00, 0.00, 0.00, NULL),
(336, NULL, '2020-03-30 21:48:45', 0.00, 0.00, 0.00, NULL),
(337, NULL, '2020-03-30 21:48:51', 0.00, 0.00, 0.00, NULL),
(338, NULL, '2020-03-30 21:48:57', 0.00, 0.00, 0.00, NULL),
(339, NULL, '2020-03-30 21:49:03', 0.00, 0.00, 0.00, NULL),
(340, NULL, '2020-03-30 21:49:09', 0.00, 0.00, 0.00, NULL),
(341, NULL, '2020-03-30 21:49:14', 0.00, 0.00, 0.00, NULL),
(342, NULL, '2020-03-30 21:49:20', 0.00, 0.00, 0.00, NULL),
(343, NULL, '2020-03-30 21:49:26', 0.00, 0.00, 0.00, NULL),
(344, NULL, '2020-03-30 21:49:32', 0.00, 0.00, 0.00, NULL),
(345, NULL, '2020-03-30 21:49:38', 0.00, 0.00, 0.00, NULL),
(346, NULL, '2020-03-30 21:49:44', 0.00, 0.00, 0.00, NULL),
(347, NULL, '2020-03-30 21:49:50', 0.00, 0.00, 0.00, NULL),
(348, NULL, '2020-03-30 21:49:56', 0.00, 0.00, 0.00, NULL),
(349, NULL, '2020-03-30 21:50:02', 0.00, 0.00, 0.00, NULL),
(350, NULL, '2020-03-30 21:50:08', 0.00, 0.00, 0.00, NULL),
(351, NULL, '2020-03-30 21:50:14', 0.00, 0.00, 0.00, NULL),
(352, NULL, '2020-03-30 21:50:20', 0.00, 0.00, 0.00, NULL),
(353, NULL, '2020-03-30 21:50:26', 0.00, 0.00, 0.00, NULL),
(354, NULL, '2020-03-30 21:50:32', 0.00, 0.00, 0.00, NULL),
(355, NULL, '2020-03-30 21:50:38', 0.00, 0.00, 0.00, NULL),
(356, NULL, '2020-03-30 21:50:44', 0.00, 0.00, 0.00, NULL),
(357, NULL, '2020-03-30 21:50:50', 0.00, 0.00, 0.00, NULL),
(358, NULL, '2020-03-30 21:50:56', 0.00, 0.00, 0.00, NULL),
(359, NULL, '2020-03-30 21:51:02', 0.00, 0.00, 0.00, NULL),
(360, NULL, '2020-03-30 21:51:08', 0.00, 0.00, 0.00, NULL),
(361, NULL, '2020-03-30 21:51:14', 0.00, 0.00, 0.00, NULL),
(362, NULL, '2020-03-30 21:51:20', 0.00, 0.00, 0.00, NULL),
(363, NULL, '2020-03-30 21:51:26', 0.00, 0.00, 0.00, NULL),
(364, NULL, '2020-03-30 21:51:32', 0.00, 0.00, 0.00, NULL),
(365, NULL, '2020-03-30 21:51:38', 0.00, 0.00, 0.00, NULL),
(366, NULL, '2020-03-30 21:51:44', 0.00, 0.00, 0.00, NULL),
(367, NULL, '2020-03-30 21:51:50', 0.00, 0.00, 0.00, NULL),
(368, NULL, '2020-03-30 21:51:56', 0.00, 0.00, 0.00, NULL),
(369, NULL, '2020-03-30 21:52:02', 0.00, 0.00, 0.00, NULL),
(370, NULL, '2020-03-30 21:52:08', 0.00, 0.00, 0.00, NULL),
(371, NULL, '2020-03-30 21:52:14', 0.00, 0.00, 0.00, NULL),
(372, NULL, '2020-03-30 21:52:20', 0.00, 0.00, 0.00, NULL),
(373, NULL, '2020-03-30 21:52:26', 0.00, 0.00, 0.00, NULL),
(374, NULL, '2020-03-30 21:52:32', 0.00, 0.00, 0.00, NULL),
(375, NULL, '2020-03-30 21:52:38', 0.00, 0.00, 0.00, NULL),
(376, NULL, '2020-03-30 21:52:44', 0.00, 0.00, 0.00, NULL),
(377, NULL, '2020-03-30 21:52:50', 0.00, 0.00, 0.00, NULL),
(378, NULL, '2020-03-30 21:52:56', 0.00, 0.00, 0.00, NULL),
(379, NULL, '2020-03-30 21:53:00', 0.00, 0.00, 0.00, NULL),
(380, NULL, '2020-03-30 21:53:06', 0.00, 0.00, 0.00, NULL),
(381, NULL, '2020-03-30 21:53:12', 0.00, 0.00, 0.00, NULL),
(382, NULL, '2020-03-30 21:53:18', 0.00, 0.00, 0.00, NULL),
(383, NULL, '2020-03-30 21:53:24', 0.00, 0.00, 0.00, NULL),
(384, NULL, '2020-03-30 21:53:30', 0.00, 0.00, 0.00, NULL),
(385, NULL, '2020-03-30 21:53:36', 0.00, 0.00, 0.00, NULL),
(386, NULL, '2020-03-30 21:53:42', 0.00, 0.00, 0.00, NULL),
(387, NULL, '2020-03-30 21:53:48', 0.00, 0.00, 0.00, NULL),
(388, NULL, '2020-03-30 21:53:54', 0.00, 0.00, 0.00, NULL),
(389, NULL, '2020-03-30 21:54:00', 0.00, 0.00, 0.00, NULL),
(390, NULL, '2020-03-30 21:54:06', 0.00, 0.00, 0.00, NULL),
(391, NULL, '2020-03-30 21:54:12', 0.00, 0.00, 0.00, NULL),
(392, NULL, '2020-03-30 21:54:18', 0.00, 0.00, 0.00, NULL),
(393, NULL, '2020-03-30 21:54:24', 0.00, 0.00, 0.00, NULL),
(394, NULL, '2020-03-30 21:54:30', 0.00, 0.00, 0.00, NULL),
(395, NULL, '2020-03-30 21:54:36', 0.00, 0.00, 0.00, NULL),
(396, NULL, '2020-03-30 21:54:42', 0.00, 0.00, 0.00, NULL),
(397, NULL, '2020-03-30 21:54:48', 0.00, 0.00, 0.00, NULL),
(398, NULL, '2020-03-30 21:54:54', 0.00, 0.00, 0.00, NULL),
(399, NULL, '2020-03-30 21:55:00', 0.00, 0.00, 0.00, NULL),
(400, NULL, '2020-03-30 22:27:53', 264.00, 256.00, 263.00, NULL),
(401, NULL, '2020-03-30 22:27:57', 185.00, 187.00, 179.00, NULL),
(402, NULL, '2020-03-30 22:28:03', 156.00, 156.00, 144.00, NULL),
(403, NULL, '2020-03-30 22:28:09', 119.00, 126.00, 128.00, NULL),
(404, NULL, '2020-03-30 22:28:15', 167.00, 186.00, 168.00, NULL),
(405, NULL, '2020-03-30 22:28:21', 140.00, 127.00, 146.00, NULL),
(406, NULL, '2020-03-30 22:28:27', 144.00, 164.00, 158.00, NULL),
(407, NULL, '2020-03-30 22:28:33', 180.00, 175.00, 170.00, NULL),
(408, NULL, '2020-03-30 22:28:39', 182.00, 184.00, 160.00, NULL),
(409, NULL, '2020-03-30 22:28:44', 184.00, 186.00, 180.00, NULL),
(410, NULL, '2020-03-30 22:31:44', 128.00, 137.00, 140.00, NULL),
(411, NULL, '2020-03-30 22:34:45', 144.00, 127.00, 149.00, NULL),
(412, NULL, '2020-03-30 22:37:46', 148.00, 160.00, 149.00, NULL),
(413, NULL, '2020-03-30 22:40:47', 176.00, 175.00, 173.00, NULL),
(414, NULL, '2020-03-30 22:43:48', 136.00, 128.00, 146.00, NULL),
(415, NULL, '2020-03-30 22:46:49', 163.00, 180.00, 175.00, NULL),
(416, NULL, '2020-03-30 22:49:50', 148.00, 132.00, 160.00, NULL),
(417, NULL, '2020-03-30 22:52:51', 152.00, 135.00, 152.00, NULL),
(418, NULL, '2020-03-30 22:55:53', 152.00, 159.00, 148.00, NULL),
(419, NULL, '2020-03-30 22:58:53', 144.00, 128.00, 136.00, NULL),
(420, NULL, '2020-03-30 23:01:54', 160.00, 144.00, 160.00, NULL),
(421, NULL, '2020-03-30 23:04:55', 131.00, 128.00, 144.00, NULL),
(422, NULL, '2020-03-30 23:07:56', 127.00, 135.00, 117.00, NULL),
(423, NULL, '2020-03-30 23:10:57', 135.00, 130.00, 128.00, NULL),
(424, NULL, '2020-03-30 23:13:59', 135.00, 136.00, 127.00, NULL),
(425, NULL, '2020-03-30 23:16:59', 136.00, 112.00, 136.00, NULL),
(426, NULL, '2020-03-30 23:20:00', 178.00, 164.00, 176.00, NULL),
(427, NULL, '2020-03-30 23:23:01', 127.00, 128.00, 146.00, NULL),
(428, NULL, '2020-03-30 23:26:02', 187.00, 190.00, 183.00, NULL),
(429, NULL, '2020-03-30 23:29:03', 128.00, 140.00, 144.00, NULL),
(430, NULL, '2020-03-30 23:32:04', 152.00, 164.00, 158.00, NULL),
(431, NULL, '2020-03-30 23:35:05', 128.00, 135.00, 136.00, NULL),
(432, NULL, '2020-03-30 23:38:06', 136.00, 127.00, 136.00, NULL),
(433, NULL, '2020-03-30 23:41:07', 163.00, 178.00, 174.00, NULL),
(434, NULL, '2020-03-30 23:44:08', 128.00, 136.00, 128.00, NULL),
(435, NULL, '2020-03-30 23:47:09', 160.00, 168.00, 144.00, NULL),
(436, NULL, '2020-03-30 23:50:13', 129.00, 105.00, 130.00, NULL),
(437, NULL, '2020-03-30 23:53:11', 176.00, 190.00, 175.00, NULL),
(438, NULL, '2020-03-30 23:56:43', 248.00, 240.00, 252.00, NULL),
(439, 4, '2020-04-04 15:01:10', 50.00, 47.00, 45.00, NULL),
(440, 4, '2020-04-04 15:04:10', 39.00, 36.00, 34.00, NULL),
(441, 4, '2020-04-04 15:07:11', 0.00, 0.00, 0.00, NULL),
(442, 4, '2020-04-04 15:10:12', 74.00, 64.00, 80.00, NULL),
(443, 4, '2020-04-04 15:13:13', 0.00, 0.00, 0.00, NULL),
(444, 4, '2020-04-04 15:16:14', 0.00, 17.00, 0.00, NULL),
(445, 4, '2020-04-04 15:19:15', 39.00, 41.00, 42.00, NULL),
(446, 4, '2020-04-04 15:22:16', 77.00, 75.00, 75.00, NULL),
(447, 4, '2020-04-04 15:25:17', 0.00, 0.00, 0.00, NULL),
(448, 4, '2020-04-04 15:28:18', 76.00, 77.00, 77.00, NULL),
(449, 4, '2020-04-04 15:31:19', 77.00, 76.00, 75.00, NULL),
(450, 4, '2020-04-04 15:34:20', 78.00, 77.00, 76.00, NULL),
(451, 4, '2020-04-04 15:37:21', 80.00, 80.00, 79.00, NULL),
(452, 4, '2020-04-04 15:40:22', 38.00, 36.00, 36.00, NULL),
(453, 4, '2020-04-04 15:43:24', 0.00, 0.00, 0.00, NULL),
(454, 4, '2020-04-04 15:46:24', 0.00, 0.00, 0.00, NULL),
(455, 4, '2020-04-04 15:49:25', 49.00, 44.00, 16.00, NULL),
(456, 4, '2020-04-04 15:52:26', 2.00, 0.00, 10.00, 0),
(457, 4, '2020-04-04 15:52:38', 44.00, 46.00, 48.00, 1),
(458, 4, '2020-04-04 15:55:38', 0.00, 0.00, 0.00, 1),
(459, 4, '2020-04-04 15:58:39', 0.00, 3.00, 0.00, 1),
(460, 4, '2020-04-04 16:01:40', 0.00, 0.00, 4.00, 1),
(461, 4, '2020-04-04 16:07:56', 260.00, 264.00, 262.00, 1),
(462, 4, '2020-04-04 16:09:47', 38.00, 15.00, 36.00, 1),
(463, 4, '2020-04-04 16:12:43', 16.00, 16.00, 0.00, 1),
(464, 4, '2020-04-04 16:12:48', 38.00, 40.00, 42.00, 1),
(465, 4, '2020-04-29 20:03:46', 999.99, 765.00, 740.00, 1),
(466, 10, '2020-04-29 20:03:46', 197.00, 175.00, 172.00, 1),
(467, 4, '2020-04-29 20:08:41', 999.99, 785.00, 782.00, 1),
(468, 10, '2020-04-29 20:08:41', 410.00, 426.00, 377.00, 1),
(469, 4, '2020-04-29 20:13:41', 999.99, 773.00, 767.00, 1),
(470, 10, '2020-04-29 20:13:41', 399.00, 416.00, 369.00, 1),
(471, 10, '2020-04-29 20:15:56', 85.00, 65.00, 126.00, 1),
(472, 4, '2020-04-29 20:15:56', 999.99, 783.00, 752.00, 1),
(473, 4, '2020-04-29 20:17:45', 999.99, 777.00, 743.00, 1),
(474, 10, '2020-04-29 20:17:45', 390.00, 405.00, 360.00, 1),
(475, 4, '2020-04-29 20:17:55', 999.99, 776.00, 768.00, 1),
(476, 10, '2020-04-29 20:17:55', 84.00, 62.00, 112.00, 1),
(477, 4, '2020-04-29 20:18:05', 999.99, 776.00, 770.00, 1),
(478, 10, '2020-04-29 20:18:05', 81.00, 65.00, 119.00, 1),
(479, 4, '2020-04-29 20:18:15', 999.99, 785.00, 805.00, 1),
(480, 10, '2020-04-29 20:18:15', 81.00, 62.00, 110.00, 1),
(481, 4, '2020-04-29 20:18:22', 999.99, 789.00, 803.00, 1),
(482, 10, '2020-04-29 20:18:22', 90.00, 70.00, 117.00, 1),
(483, 4, '2020-04-29 20:21:22', 999.99, 788.00, 786.00, 1),
(484, 10, '2020-04-29 20:21:22', 400.00, 416.00, 369.00, 1),
(485, 10, '2020-04-29 20:24:23', 241.00, 254.00, 266.00, 1),
(486, 4, '2020-04-29 20:24:23', 999.99, 787.00, 784.00, 1),
(487, 4, '2020-04-29 20:27:23', 999.99, 779.00, 771.00, 1),
(488, 10, '2020-04-29 20:27:23', 87.00, 68.00, 114.00, 1),
(489, 4, '2020-04-29 20:30:24', 999.99, 786.00, 784.00, 1),
(490, 10, '2020-04-29 20:30:24', 88.00, 68.00, 116.00, 1),
(491, 4, '2020-04-29 20:33:25', 999.99, 786.00, 783.00, 1),
(492, 10, '2020-04-29 20:33:25', 247.00, 259.00, 271.00, 1),
(493, 4, '2020-04-29 20:36:26', 999.99, 786.00, 784.00, 1),
(494, 10, '2020-04-29 20:36:26', 186.00, 184.00, 220.00, 1),
(495, 4, '2020-04-29 20:39:27', 999.99, 775.00, 761.00, 1),
(496, 10, '2020-04-29 20:39:27', 389.00, 405.00, 358.00, 1),
(497, 4, '2020-04-29 20:42:28', 999.99, 787.00, 785.00, 1),
(498, 10, '2020-04-29 20:42:28', 86.00, 64.00, 114.00, 1),
(499, 4, '2020-04-29 20:45:29', 999.99, 780.00, 745.00, 1),
(500, 10, '2020-04-29 20:45:29', 423.00, 439.00, 383.00, 1),
(501, 4, '2020-04-29 20:48:30', 999.99, 787.00, 805.00, 1),
(502, 10, '2020-04-29 20:48:31', 250.00, 265.00, 278.00, 1),
(503, 4, '2020-04-29 20:51:31', 999.99, 780.00, 773.00, 1),
(504, 10, '2020-04-29 20:51:31', 111.00, 84.00, 118.00, 1),
(505, 4, '2020-04-29 20:54:32', 999.99, 775.00, 768.00, 1),
(506, 10, '2020-04-29 20:54:33', 357.00, 376.00, 340.00, 1),
(507, 4, '2020-04-29 20:57:33', 999.99, 788.00, 789.00, 1),
(508, 10, '2020-04-29 20:57:33', 412.00, 428.00, 378.00, 1),
(509, 10, '2020-04-29 21:00:35', 368.00, 388.00, 350.00, 1),
(510, 4, '2020-04-29 21:00:35', 999.99, 778.00, 775.00, 1),
(511, 4, '2020-04-29 21:03:35', 999.99, 770.00, 749.00, 1),
(512, 10, '2020-04-29 21:03:35', 393.00, 396.00, 336.00, 1),
(513, 4, '2020-04-29 21:06:36', 999.99, 779.00, 771.00, 1),
(514, 10, '2020-04-29 21:06:36', 397.00, 401.00, 340.00, 1),
(515, 4, '2020-04-29 21:09:36', 999.99, 784.00, 749.00, 1),
(516, 10, '2020-04-29 21:09:36', 380.00, 398.00, 352.00, 1);

-- --------------------------------------------------------

--
-- Estrutura da tabela `ip_table`
--

CREATE TABLE `ip_table` (
  `IP` varchar(100) NOT NULL,
  `id_pisc` int(11) NOT NULL
) ENGINE=InnoDB DEFAULT CHARSET=utf8mb4;

--
-- Extraindo dados da tabela `ip_table`
--

INSERT INTO `ip_table` (`IP`, `id_pisc`) VALUES
('192.168.0.201', 1),
('192.168.0.200', 4);

-- --------------------------------------------------------

--
-- Estrutura da tabela `piscinas`
--

CREATE TABLE `piscinas` (
  `id` int(11) NOT NULL,
  `name` varchar(100) NOT NULL
) ENGINE=InnoDB DEFAULT CHARSET=utf8mb4;

--
-- Extraindo dados da tabela `piscinas`
--

INSERT INTO `piscinas` (`id`, `name`) VALUES
(0, 'Black Hole'),
(1, 'Pistas Foam'),
(2, 'Piscina Funda'),
(3, 'Piscina Activa'),
(4, 'Banzai'),
(5, 'Jacuzzi'),
(6, 'Tropical Paradise'),
(7, 'Laguna'),
(8, 'Kamikaze'),
(9, 'Disco River'),
(10, 'Tornado');

-- --------------------------------------------------------

--
-- Estrutura da tabela `users`
--

CREATE TABLE `users` (
  `id` int(11) NOT NULL,
  `username` varchar(100) NOT NULL,
  `password` varchar(100) NOT NULL,
  `userType` varchar(100) NOT NULL,
  `checkAdmin` tinyint(1) NOT NULL DEFAULT 0
) ENGINE=InnoDB DEFAULT CHARSET=utf8mb4;

--
-- Extraindo dados da tabela `users`
--

INSERT INTO `users` (`id`, `username`, `password`, `userType`, `checkAdmin`) VALUES
(1, 'victor.a.correia@gmail.com', '03aeae12c44c400fc88f158d90c86d8b', 'admin', 0),
(3, 'daniel', '202cb962ac59075b964b07152d234b70', 'user', 1),
(5, 'Victor', 'e10adc3949ba59abbe56e057f20f883e', 'user', 1),
(14, 'Vitorino', 'e2fc714c4727ee9395f324cd2e7f331f', 'user', 1),
(15, 'António', '900150983cd24fb0d6963f7d28e17f72', 'user', 1),
(16, 'Joao', '900150983cd24fb0d6963f7d28e17f72', 'user', 0),
(17, 'Pinto', '202cb962ac59075b964b07152d234b70', 'user', 1),
(18, 'aurelio', '289dff07669d7a23de0ef88d2f7129e7', 'admin', 1),
(25, 'francisca', '68053af2923e00204c3ca7c6a3150cf7', 'admin', 1),
(26, 'gil', '250cf8b51c773f3f8dc8b4be867a9a02', 'user', 1),
(27, 'luis', '250cf8b51c773f3f8dc8b4be867a9a02', 'admin', 1),
(28, 'joaquim', '202cb962ac59075b964b07152d234b70', 'user', 1);

--
-- Índices para tabelas despejadas
--

--
-- Índices para tabela `alarme_config`
--
ALTER TABLE `alarme_config`
  ADD PRIMARY KEY (`id`),
  ADD KEY `id_pisc` (`id_pisc`),
  ADD KEY `id_user` (`id_user`);

--
-- Índices para tabela `data_table`
--
ALTER TABLE `data_table`
  ADD PRIMARY KEY (`id`),
  ADD KEY `id_pisc` (`id_pisc`);

--
-- Índices para tabela `ip_table`
--
ALTER TABLE `ip_table`
  ADD PRIMARY KEY (`IP`),
  ADD KEY `id_pisc` (`id_pisc`);

--
-- Índices para tabela `piscinas`
--
ALTER TABLE `piscinas`
  ADD PRIMARY KEY (`id`);

--
-- Índices para tabela `users`
--
ALTER TABLE `users`
  ADD PRIMARY KEY (`id`);

--
-- AUTO_INCREMENT de tabelas despejadas
--

--
-- AUTO_INCREMENT de tabela `alarme_config`
--
ALTER TABLE `alarme_config`
  MODIFY `id` int(11) NOT NULL AUTO_INCREMENT;

--
-- AUTO_INCREMENT de tabela `data_table`
--
ALTER TABLE `data_table`
  MODIFY `id` int(11) NOT NULL AUTO_INCREMENT, AUTO_INCREMENT=517;

--
-- AUTO_INCREMENT de tabela `users`
--
ALTER TABLE `users`
  MODIFY `id` int(11) NOT NULL AUTO_INCREMENT, AUTO_INCREMENT=31;

--
-- Restrições para despejos de tabelas
--

--
-- Limitadores para a tabela `alarme_config`
--
ALTER TABLE `alarme_config`
  ADD CONSTRAINT `alarme_config_ibfk_1` FOREIGN KEY (`id_pisc`) REFERENCES `piscinas` (`id`),
  ADD CONSTRAINT `alarme_config_ibfk_2` FOREIGN KEY (`id_user`) REFERENCES `users` (`id`);

--
-- Limitadores para a tabela `data_table`
--
ALTER TABLE `data_table`
  ADD CONSTRAINT `data_table_ibfk_1` FOREIGN KEY (`id_pisc`) REFERENCES `piscinas` (`id`);

--
-- Limitadores para a tabela `ip_table`
--
ALTER TABLE `ip_table`
  ADD CONSTRAINT `ip_table_ibfk_1` FOREIGN KEY (`id_pisc`) REFERENCES `piscinas` (`id`);
COMMIT;

/*!40101 SET CHARACTER_SET_CLIENT=@OLD_CHARACTER_SET_CLIENT */;
/*!40101 SET CHARACTER_SET_RESULTS=@OLD_CHARACTER_SET_RESULTS */;
/*!40101 SET COLLATION_CONNECTION=@OLD_COLLATION_CONNECTION */;
